{
  "view/View1.view.xml": 1700388219193,
  "controller/App.controller.js": 1700329741736,
  "controller/View1.controller.js": 1700388246640,
  "model/models.js": 1700329741732,
  "manifest.json": 1700388309793,
  "Component.js": 1700329741732,
  "Component-dbg.js": 1700329741732,
  "Component.js.map": 1700388310072,
  "controller/View1-dbg.controller.js": 1700388246640,
  "controller/View1.controller.js.map": 1700388310069,
  "model/models-dbg.js": 1700329741732,
  "model/models.js.map": 1700388310082,
  "controller/App-dbg.controller.js": 1700329741736,
  "controller/App.controller.js.map": 1700388310067,
  "Component-preload.js": 1700388310223,
  "Component-preload.js.map": 1700388310223,
  "i18n/i18n.properties": 1700329741732,
  "view/App.view.xml": 1700329741736,
  "css/style.css": 1700329741736,
  "index.html": 1700388147250
}